Workbook

Sheet Сводка
A1: Карта связей прототипа «Ноготочки»
A2: Дата составления: 18.09.2026. Источник — план экранов и промпты для Claude Design, согласованные в работе над проектом.
A4: Показатель | B4: Значение
A5: Всего экранов в прототипе | B5: =COUNTA(Экраны!$A$2:$A$32)
A6: Экранов клиента и публичной части | B6: =COUNTIF(Экраны!$C$2:$C$32,"Гость")+COUNTIF(Экраны!$C$2:$C$32,"Гость / Клиент")+COUNTIF(Экраны!$C$2:$C$32,"Клиент")
A7: Экранов мастера | B7: =COUNTIF(Экраны!$C$2:$C$32,"Мастер")
A8: Экранов администратора | B8: =COUNTIF(Экраны!$C$2:$C$32,"Администратор")
A9: Всего переходов | B9: =COUNTA(Переходы!$A$2:$A$109)
A10: Основных переходов | B10: =COUNTIF(Переходы!$F$2:$F$109,"Основной")
A11: Переходов назад | B11: =COUNTIF(Переходы!$F$2:$F$109,"Возврат")
A12: Переходов по меню | B12: =COUNTIF(Переходы!$F$2:$F$109,"Меню")
A13: Переходов из состояний ошибок | B13: =COUNTIF(Переходы!$F$2:$F$109,"Ошибка")
A14: Экранов без входа (недостижимых) | B14: =COUNTIF(Экраны!$H$2:$H$32,"Нет входа — недостижимый экран")
A15: Экранов без выхода (тупиков) | B15: =COUNTIF(Экраны!$H$2:$H$32,"Нет выхода — тупик")
A18: Как читать файл:
A19: • Лист «Экраны» — 31 экран прототипа. Столбцы «Входов» и «Выходов» считаются формулами по листу «Переходы», столбец «Проверка» сам помечает недостижимые экраны и тупики.
A20: • Лист «Переходы» — все связи между экранами: откуда, куда, по какому действию и какого типа.
A21: • Лист «Этапы связывания» — 8 этапов работы, столбец «Статус» заполняете вы по мере проверки.
A22: • Добавили экран или связь — просто допишите строку: показатели на этом листе пересчитаются сами.
A23: • Страница «Nogotochki Design System» в карту не входит: это гайд, а не экран.

Sheet Экраны
A1: ID | B1: Раздел | C1: Роль | D1: Название страницы в Claude Design | E1: Назначение экрана | F1: Входов | G1: Выходов | H1: Проверка
A2: L1 | B2: Публичная часть | C2: Гость | D2: Главная — лендинг | E2: Информация о студии, услугах и мастерах; вход в запись и в аккаунт | F2: =COUNTIF(Переходы!$C:$C,$A2) | G2: =COUNTIF(Переходы!$A:$A,$A2) | H2: =IF(F2=0,"Нет входа — недостижимый экран",IF(G2=0,"Нет выхода — тупик","OK"))
A3: C1 | B3: Авторизация | C3: Гость | D3: Вход | E3: Вход клиента по e-mail и паролю | F3: =COUNTIF(Переходы!$C:$C,$A3) | G3: =COUNTIF(Переходы!$A:$A,$A3) | H3: =IF(F3=0,"Нет входа — недостижимый экран",IF(G3=0,"Нет выхода — тупик","OK"))
A4: C2 | B4: Авторизация | C4: Гость | D4: Регистрация | E4: Создание аккаунта клиента | F4: =COUNTIF(Переходы!$C:$C,$A4) | G4: =COUNTIF(Переходы!$A:$A,$A4) | H4: =IF(F4=0,"Нет входа — недостижимый экран",IF(G4=0,"Нет выхода — тупик","OK"))
A5: C3 | B5: Авторизация | C5: Гость | D5: Восстановление пароля — запрос | E5: Отправка ссылки для смены пароля | F5: =COUNTIF(Переходы!$C:$C,$A5) | G5: =COUNTIF(Переходы!$A:$A,$A5) | H5: =IF(F5=0,"Нет входа — недостижимый экран",IF(G5=0,"Нет выхода — тупик","OK"))
A6: C4 | B6: Авторизация | C6: Гость | D6: Восстановление пароля — новый пароль | E6: Ввод нового пароля по ссылке из письма | F6: =COUNTIF(Переходы!$C:$C,$A6) | G6: =COUNTIF(Переходы!$A:$A,$A6) | H6: =IF(F6=0,"Нет входа — недостижимый экран",IF(G6=0,"Нет выхода — тупик","OK"))
A7: B1 | B7: Путь записи | C7: Гость / Клиент | D7: Запись. Шаг 1 — Услуги | E7: Выбор нескольких услуг, расчёт длительности и суммы | F7: =COUNTIF(Переходы!$C:$C,$A7) | G7: =COUNTIF(Переходы!$A:$A,$A7) | H7: =IF(F7=0,"Нет входа — недостижимый экран",IF(G7=0,"Нет выхода — тупик","OK"))
A8: B2 | B8: Путь записи | C8: Гость / Клиент | D8: Запись. Шаг 2 — Мастер | E8: Выбор мастера или варианта «Любой мастер» | F8: =COUNTIF(Переходы!$C:$C,$A8) | G8: =COUNTIF(Переходы!$A:$A,$A8) | H8: =IF(F8=0,"Нет входа — недостижимый экран",IF(G8=0,"Нет выхода — тупик","OK"))
A9: B3 | B9: Путь записи | C9: Гость / Клиент | D9: Запись. Шаг 3 — Дата и время | E9: Календарь на 3 месяца и свободные слоты, старт резерва | F9: =COUNTIF(Переходы!$C:$C,$A9) | G9: =COUNTIF(Переходы!$A:$A,$A9) | H9: =IF(F9=0,"Нет входа — недостижимый экран",IF(G9=0,"Нет выхода — тупик","OK"))
A10: B4 | B10: Путь записи | C10: Гость | D10: Запись. Шаг 4 — Вход в процессе записи | E10: Вход или регистрация с сохранением резерва | F10: =COUNTIF(Переходы!$C:$C,$A10) | G10: =COUNTIF(Переходы!$A:$A,$A10) | H10: =IF(F10=0,"Нет входа — недостижимый экран",IF(G10=0,"Нет выхода — тупик","OK"))
A11: B5 | B11: Путь записи | C11: Клиент | D11: Запись. Шаг 5 — Подтверждение | E11: Сводка записи, таймер резерва, подтверждение | F11: =COUNTIF(Переходы!$C:$C,$A11) | G11: =COUNTIF(Переходы!$A:$A,$A11) | H11: =IF(F11=0,"Нет входа — недостижимый экран",IF(G11=0,"Нет выхода — тупик","OK"))
A12: B6 | B12: Путь записи | C12: Клиент | D12: Запись подтверждена | E12: Результат записи или переноса | F12: =COUNTIF(Переходы!$C:$C,$A12) | G12: =COUNTIF(Переходы!$A:$A,$A12) | H12: =IF(F12=0,"Нет входа — недостижимый экран",IF(G12=0,"Нет выхода — тупик","OK"))
A13: K1 | B13: Кабинет клиента | C13: Клиент | D13: Личный кабинет — Предстоящие записи | E13: Просмотр, отмена и перенос своих записей | F13: =COUNTIF(Переходы!$C:$C,$A13) | G13: =COUNTIF(Переходы!$A:$A,$A13) | H13: =IF(F13=0,"Нет входа — недостижимый экран",IF(G13=0,"Нет выхода — тупик","OK"))
... A32: A11 | B32: Админ-панель | C32: Администратор | D32: Админ — Настройки | E32: График студии, правила записи, отмены и переносов | F32: =COUNTIF(Переходы!$C:$C,$A32) | G32: =COUNTIF(Переходы!$A:$A,$A32) | H32: =IF(F32=0,"Нет входа — недостижимый экран",IF(G32=0,"Нет выхода — тупик","OK"))

Sheet Переходы
A1: ID откуда | B1: Экран откуда | C1: ID куда | D1: Экран куда | E1: Действие или кнопка | F1: Тип перехода | G1: Примечание
A2: L1 | B2: Главная — лендинг | C2: B1 | D2: Запись. Шаг 1 — Услуги | E2: Кнопка «Записаться онлайн» | F2: Основной | G2: Главный призыв в шапке, первом экране и финальном блоке
A3: L1 | B3: Главная — лендинг | C3: B1 | D3: Запись. Шаг 1 — Услуги | E3: Кнопка «Записаться» в карточке услуги | F3: Основной | G3: Услуга отмечена заранее
A4: L1 | B4: Главная — лендинг | C4: B1 | D4: Запись. Шаг 1 — Услуги | E4: Кнопка «Записаться к мастеру» | F4: Основной | G4: Мастер выбран заранее
A5: L1 | B5: Главная — лендинг | C5: C1 | D5: Вход | E5: Ссылка «Войти» в шапке и подвале | F5: Основной
A6: L1 | B6: Главная — лендинг | C6: C2 | D6: Регистрация | E6: Ссылка «Регистрация» в подвале | F6: Основной
A7: C1 | B7: Вход | C7: K1 | D7: Личный кабинет — Предстоящие записи | E7: Кнопка «Войти» | F7: Основной | G7: Успешный вход вне процесса записи
A8: C1 | B8: Вход | C8: C2 | D8: Регистрация | E8: Ссылка «Зарегистрироваться» | F8: Основной
A9: C1 | B9: Вход | C9: C3 | D9: Восстановление пароля — запрос | E9: Ссылка «Забыли пароль?» | F9: Основной
A10: C1 | B10: Вход | C10: L1 | D10: Главная — лендинг | E10: Кнопка «Назад» и логотип | F10: Возврат
A11: C2 | B11: Регистрация | C11: K1 | D11: Личный кабинет — Предстоящие записи | E11: Кнопка «Зарегистрироваться» | F11: Основной | G11: После успешной регистрации
A12: C2 | B12: Регистрация | C12: C1 | D12: Вход | E12: Ссылка «Войти» | F12: Возврат | G12: В том числе из ошибки «E-mail уже зарегистрирован»
A13: C2 | B13: Регистрация | C13: L1 | D13: Главная — лендинг | E13: Кнопка «Назад» и логотип | F13: Возврат
A14: C3 | B14: Восстановление пароля — запрос | C14: C4 | D14: Восстановление пароля — новый пароль | E14: Переход по ссылке из письма | F14: Основной | G14: В прототипе — прямой переход
A15: C3 | B15: Восстановление пароля — запрос | C15: C1 | D15: Вход | E15: Ссылка «Вернуться ко входу» | F15: Возврат
A16: C4 | B16: Восстановление пароля — новый пароль | C16: K1 | D16: Личный кабинет — Предстоящие записи | E16: Кнопка «Сохранить и войти» | F16: Основной | G16: Если восстановление начато вне записи
A17: C4 | B17: Восстановление пароля — новый пароль | C17: B5 | D17: Запись. Шаг 5 — Подтверждение | E17: Кнопка «Сохранить и войти» | F17: Основной | G17: Если восстановление начато внутри записи и резерв ещё жив
A18: C4 | B18: Восстановление пароля — новый пароль | C18: C3 | D18: Восстановление пароля — запрос | E18: Кнопка «Запросить новую ссылку» | F18: Ошибка | G18: Состояние «Ссылка больше не действует»
A19: B1 | B19: Запись. Шаг 1 — Услуги | C19: B2 | D19: Запись. Шаг 2 — Мастер | E19: Кнопка «Далее» | F19: Основной | G19: Активна, если выбрана хотя бы одна услуга
A20: B1 | B20: Запись. Шаг 1 — Услуги | C20: L1 | D20: Главная — лендинг | E20: Кнопка «Назад» и логотип | F20: Возврат
A21: B2 | B21: Запись. Шаг 2 — Мастер | C21: B3 | D21: Запись. Шаг 3 — Дата и время | E21: Кнопка «Далее» | F21: Основной | G21: Активна после выбора мастера или «Любой мастер»
A22: B2 | B22: Запись. Шаг 2 — Мастер | C22: B1 | D22: Запись. Шаг 1 — Услуги | E22: Кнопка «Назад» и шаг «Услуги» | F22: Возврат | G22: Выбор услуг сохраняется
A23: B3 | B23: Запись. Шаг 3 — Дата и время | C23: B4 | D23: Запись. Шаг 4 — Вход в процессе записи | E23: Кнопка «Далее» для гостя | F23: Основной | G23: Слот резервируется на 10 минут
A24: B3 | B24: Запись. Шаг 3 — Дата и время | C24: B5 | D24: Запись. Шаг 5 — Подтверждение | E24: Кнопка «Далее» для авторизованного клиента | F24: Основной | G24: Шаг 4 пропускается, резерв уже идёт
A25: B3 | B25: Запись. Шаг 3 — Дата и время | C25: B2 | D25: Запись. Шаг 2 — Мастер | E25: Кнопка «Назад» и шаг «Мастер» | F25: Возврат | G25: Выбранное время сбрасывается
A26: B4 | B26: Запись. Шаг 4 — Вход в процессе записи | C26: B5 | D26: Запись. Шаг 5 — Подтверждение | E26: «Войти и продолжить» / «Создать аккаунт и продолжить» | F26: Основной | G26: Резерв продолжает идти
A27: B4 | B27: Запись. Шаг 4 — Вход в процессе записи | C27: B3 | D27: Запись. Шаг 3 — Дата и время | E27: Кнопка «Назад» | F27: Возврат | G27: Резерв сохраняется
A28: B4 | B28: Запись. Шаг 4 — Вход в процессе записи | C28: C3 | D28: Восстановление пароля — запрос | E28: Ссылка «Забыли пароль?» | F28: Основной | G28: Возврат на шаг 5 после смены пароля
A29: B4 | B29: Запись. Шаг 4 — Вход в процессе записи | C29: K1 | D29: Личный кабинет — Предстоящие записи | E29: Кнопка «Открыть мои записи» | F29: Ошибка | G29: Состояние «У вас уже есть запись к этому мастеру на это время»
A30: B5 | B30: Запись. Шаг 5 — Подтверждение | C30: B6 | D30: Запись подтверждена | E30: Кнопка «Подтвердить запись» / «Подтвердить перенос» | F30: Основной
A31: B5 | B31: Запись. Шаг 5 — Подтверждение | C31: B1 | D31: Запись. Шаг 1 — Услуги | E31: Ссылка «Изменить» у блока услуг | F31: Возврат
A32: B5 | B32: Запись. Шаг 5 — Подтверждение | C32: B2 | D32: Запись. Шаг 2 — Мастер | E32: Ссылка «Изменить» у блока мастера | F32: Возврат
A33: B5 | B33: Запись. Шаг 5 — Подтверждение | C33: B3 | D33: Запись. Шаг 3 — Дата и время | E33: Ссылка «Изменить» у блока времени, кнопка «Назад» | F33: Возврат
A34: B5 | B34: Запись. Шаг 5 — Подтверждение | C34: B3 | D34: Запись. Шаг 3 — Дата и время | E34: Кнопка «Выбрать другое время» | F34: Ошибка | G34: Состояния «Время заняли» и «Резерв истёк»
A35: B6 | B35: Запись подтверждена | C35: K1 | D35: Личный кабинет — Предстоящие записи | E35: Кнопка «Мои записи» | F35: Основной
A36: B6 | B36: Запись подтверждена | C36: L1 | D36: Главная — лендинг | E36: Кнопка «На главную» | F36: Возврат
A37: K1 | B37: Личный кабинет — Предстоящие записи | C37: K2 | D37: Личный кабинет — История | E37: Вкладка «История» | F37: Меню
A38: K1 | B38: Личный кабинет — Предстоящие записи | C38: K3 | D38: Перенос записи | E38: Кнопка «Перенести» | F38: Основной | G38: Недоступна при лимите 3 переноса и поздней отмене
A39: K1 | B39: Личный кабинет — Предстоящие записи | C39: K4 | D39: Личный кабинет — Уведомления | E39: Иконка уведомлений | F39: Меню
A40: K1 | B40: Личный кабинет — Предстоящие записи | C40: K5 | D40: Личный кабинет — Профиль | E40: Имя клиента в шапке | F40: Меню
A41: K1 | B41: Личный кабинет — Предстоящие записи | C41: B1 | D41: Запись. Шаг 1 — Услуги | E41: Кнопка «Записаться» | F41: Основной
A42: K1 | B42: Личный кабинет — Предстоящие записи | C42: K2 | D42: Личный кабинет — История | E42: Подтверждение отмены записи | F42: Основной | G42: Запись меняет статус и уходит в историю, слот освобождается
A43: K1 | B43: Личный кабинет — Предстоящие записи | C43: L1 | D43: Главная — лендинг | E43: Логотип | F43: Возврат
A44: K2 | B44: Личный кабинет — История | C44: K1 | D44: Личный кабинет — Предстоящие записи | E44: Вкладка «Предстоящие» | F44: Меню
A45: K2 | B45: Личный кабинет — История | C45: B1 | D45: Запись. Шаг 1 — Услуги | E45: Кнопка «Записаться ещё раз» | F45: Основной | G45: Услуги прошлой записи отмечены заранее
A46: K3 | B46: Перенос записи | C46: B5 | D46: Запись. Шаг 5 — Подтверждение | E46: Кнопка «Далее» | F46: Основной | G46: Экран подтверждения в режиме переноса
A47: K3 | B47: Перенос записи | C47: K1 | D47: Личный кабинет — Предстоящие записи | E47: Кнопка «Отмена» | F47: Возврат | G47: Старое время остаётся за клиентом
A48: K4 | B48: Личный кабинет — Уведомления | C48: K1 | D48: Личный кабинет — Предстоящие записи | E48: Переход из уведомления к записи | F48: Основной
A49: K4 | B49: Личный кабинет — Уведомления | C49: K1 | D49: Личный кабинет — Предстоящие записи | E49: Пункт меню «Предстоящие» | F49: Меню
A50: K5 | B50: Личный кабинет — Профиль | C50: K1 | D50: Личный кабинет — Предстоящие записи | E50: Пункт меню «Предстоящие» | F50: Меню
A51: K5 | B51: Личный кабинет — Профиль | C51: L1 | D51: Главная — лендинг | E51: Кнопка «Выйти» | F51: Возврат
A52: M1 | B52: Вход мастера | C52: M2 | D52: Мастер — Мой день | E52: Кнопка «Войти» | F52: Основной
A53: M1 | B53: Вход мастера | C53: C1 | D53: Вход | E53: Ссылка «Я клиент» | F53: Меню
A54: M2 | B54: Мастер — Мой день | C54: M3 | D54: Мастер — Расписание | E54: Пункт меню «Расписание» | F54: Меню
A55: M2 | B55: Мастер — Мой день | C55: M4 | D55: Мастер — Профиль | E55: Пункт меню «Профиль» | F55: Меню
A56: M2 | B56: Мастер — Мой день | C56: M2 | D56: Мастер — Мой день | E56: «Завершена», «Не пришёл», «Отменить», «Перенести» | F56: Основной | G56: Действия обновляют карточку на том же экране
A57: M2 | B57: Мастер — Мой день | C57: M1 | D57: Вход мастера | E57: Кнопка «Выйти» | F57: Возврат
A58: M3 | B58: Мастер — Расписание | C58: M2 | D58: Мастер — Мой день | E58: Пункт меню «Мой день» | F58: Меню
A59: M3 | B59: Мастер — Расписание | C59: M4 | D59: Мастер — Профиль | E59: Пункт меню «Профиль» | F59: Меню
A60: M3 | B60: Мастер — Расписание | C60: M3 | D60: Мастер — Расписание | E60: «Закрыть время», «Предложить изменение графика» | F60: Основной | G60: Заявка уходит администратору на экран «Графики»
A61: M4 | B61: Мастер — Профиль | C61: M2 | D61: Мастер — Мой день | E61: Пункт меню «Мой день» | F61: Меню
A62: M4 | B62: Мастер — Профиль | C62: M1 | D62: Вход мастера | E62: Кнопка «Выйти» | F62: Возврат
A63: A1 | B63: Вход администратора | C63: A2 | D63: Админ — Сегодня | E63: Кнопка «Войти» | F63: Основной
A64: A2 | B64: Админ — Сегодня | C64: A3 | D64: Админ — Расписание дня | E64: Плитка «Ближайшие записи» | F64: Основной
A65: A2 | B65: Админ — Сегодня | C65: A4 | D65: Админ — Записи | E65: Кнопка «Создать запись» | F65: Основной
A66: A2 | B66: Админ — Сегодня | C66: A7 | D66: Админ — Графики | E66: Заявка мастера в блоке «Требует внимания» | F66: Основной
A67: A2 | B67: Админ — Сегодня | C67: A1 | D67: Вход администратора | E67: Кнопка «Выйти» | F67: Возврат
A68: A3 | B68: Админ — Расписание дня | C68: A4 | D68: Админ — Записи | E68: Ссылка «Все записи дня» | F68: Основной
A69: A3 | B69: Админ — Расписание дня | C69: A3 | D69: Админ — Расписание дня | E69: Панель деталей записи: статусы, отмена, освобождение слота | F69: Основной | G69: Действие на том же экране
A70: A3 | B70: Админ — Расписание дня | C70: A4 | D70: Админ — Записи | E70: Создание записи из свободного промежутка | F70: Основной | G70: Модальное окно создания записи
A71: A4 | B71: Админ — Записи | C71: A3 | D71: Админ — Расписание дня | E71: Ссылка «Показать в расписании» | F71: Основной
A72: A4 | B72: Админ — Записи | C72: A8 | D72: Админ — Клиенты | E72: Переход к карточке клиента из строки записи | F72: Основной
A73: A4 | B73: Админ — Записи | C73: A4 | D73: Админ — Записи | E73: Создание записи, смена статуса, отмена и перенос | F73: Основной | G73: Модальные окна на том же экране
A74: A5 | B74: Админ — Услуги | C74: A6 | D74: Админ — Мастера | E74: Ссылка «Мастера услуги» | F74: Основной
A75: A6 | B75: Админ — Мастера | C75: A7 | D75: Админ — Графики | E75: Кнопка «Открыть график» | F75: Основной
A76: A6 | B76: Админ — Мастера | C76: A5 | D76: Админ — Услуги | E76: Ссылка «Услуги мастера» | F76: Основной
A77: A7 | B77: Админ — Графики | C77: A6 | D77: Админ — Мастера | E77: Ссылка «Карточка мастера» | F77: Основной
A78: A7 | B78: Админ — Графики | C78: A3 | D78: Админ — Расписание дня | E78: Ссылка «Показать записи» в конфликте графика | F78: Ошибка
A79: A8 | B79: Админ — Клиенты | C79: A4 | D79: Админ — Записи | E79: Кнопка «Создать запись» в карточке клиента | F79: Основной
A80: A9 | B80: Админ — Аналитика | C80: A9 | D80: Админ — Аналитика | E80: Кнопка «Экспорт» | F80: Основной | G80: Окно выбора данных и формата CSV
A81: A10 | B81: Админ — Роли и доступы | C81: A6 | D81: Админ — Мастера | E81: Привязка аккаунта к карточке мастера | F81: Основной
A82: A11 | B82: Админ — Настройки | C82: A2 | D82: Админ — Сегодня | E82: Кнопка «Сохранить» | F82: Возврат | G82: Настройки применяются к будущим записям
A83: A2 | B83: Админ — Сегодня | C83: A3 | D83: Админ — Расписание дня | E83: Боковое меню «Расписание дня» | F83: Меню | G83: Боковое меню одинаково работает на всех экранах панели
A84: A3 | B84: Админ — Расписание дня | C84: A2 | D84: Админ — Сегодня | E84: Боковое меню «Сегодня» | F84: Меню | G84: Боковое меню доступно со всех экранов панели
A85: A3 | B85: Админ — Расписание дня | C85: A1 | D85: Вход администратора | E85: Кнопка «Выйти» | F85: Возврат
A86: A2 | B86: Админ — Сегодня | C86: A4 | D86: Админ — Записи | E86: Боковое меню «Записи» | F86: Меню | G86: Боковое меню одинаково работает на всех экранах панели
A87: A4 | B87: Админ — Записи | C87: A2 | D87: Админ — Сегодня | E87: Боковое меню «Сегодня» | F87: Меню | G87: Боковое меню доступно со всех экранов панели
A88: A4 | B88: Админ — Записи | C88: A1 | D88: Вход администратора | E88: Кнопка «Выйти» | F88: Возврат
A89: A2 | B89: Админ — Сегодня | C89: A5 | D89: Админ — Услуги | E89: Боковое меню «Услуги» | F89: Меню | G89: Боковое меню одинаково работает на всех экранах панели
A90: A5 | B90: Админ — Услуги | C90: A2 | D90: Админ — Сегодня | E90: Боковое меню «Сегодня» | F90: Меню | G90: Боковое меню доступно со всех экранов панели
A91: A5 | B91: Админ — Услуги | C91: A1 | D91: Вход администратора | E91: Кнопка «Выйти» | F91: Возврат
A92: A2 | B92: Админ — Сегодня | C92: A6 | D92: Админ — Мастера | E92: Боковое меню «Мастера» | F92: Меню | G92: Боковое меню одинаково работает на всех экранах панели
A93: A6 | B93: Админ — Мастера | C93: A2 | D93: Админ — Сегодня | E93: Боковое меню «Сегодня» | F93: Меню | G93: Боковое меню доступно со всех экранов панели
A94: A6 | B94: Админ — Мастера | C94: A1 | D94: Вход администратора | E94: Кнопка «Выйти» | F94: Возврат
A95: A2 | B95: Админ — Сегодня | C95: A7 | D95: Админ — Графики | E95: Боковое меню «Графики» | F95: Меню | G95: Боковое меню одинаково работает на всех экранах панели
A96: A7 | B96: Админ — Графики | C96: A2 | D96: Админ — Сегодня | E96: Боковое меню «Сегодня» | F96: Меню | G96: Боковое меню доступно со всех экранов панели
A97: A7 | B97: Админ — Графики | C97: A1 | D97: Вход администратора | E97: Кнопка «Выйти» | F97: Возврат
A98: A2 | B98: Админ — Сегодня | C98: A8 | D98: Админ — Клиенты | E98: Боковое меню «Клиенты» | F98: Меню | G98: Боковое меню одинаково работает на всех экранах панели
A99: A8 | B99: Админ — Клиенты | C99: A2 | D99: Админ — Сегодня | E99: Боковое меню «Сегодня» | F99: Меню | G99: Боковое меню доступно со всех экранов панели
A100: A8 | B100: Админ — Клиенты | C100: A1 | D100: Вход администратора | E100: Кнопка «Выйти» | F100: Возврат
...

Sheet Этапы связывания
A1: Этап | B1: Что связываем | C1: Экраны | D1: На что смотреть при проверке | E1: Статус
A2: 1 | B2: Оболочки и глобальная навигация | C2: Все экраны | D2: Единое поведение меню внутри каждой роли, подсветка активного пункта | E2: Не начат
A3: 2 | B3: Путь записи клиента | C3: L1, B1–B6 | D3: Шаги вперёд и назад, сохранение выбора, входы с лендинга | E3: Не начат
A4: 3 | B4: Авторизация и восстановление пароля | C4: C1–C4, B4 | D4: Возврат туда, откуда пришёл пользователь; сохранение резерва | E4: Не начат
A5: 4 | B5: Личный кабинет клиента | C5: K1–K5 | D5: Отмена, перенос, история, уведомления, выход | E5: Не начат
A6: 5 | B6: Состояния ошибок клиента | C6: B3, B5, C4, K1 | D6: Из каждой ошибки есть путь к действию | E6: Не начат
A7: 6 | B7: Кабинет мастера | C7: M1–M4 | D7: Свой день, расписание, профиль; нет доступа к чужим записям | E7: Не начат
A8: 7 | B8: Админ-панель | C8: A1–A11 | D8: Боковое меню, панели деталей, модальные окна, экспорт | E8: Не начат
A9: 8 | B9: Аудит связей | C9: Все экраны | D9: Поиск недостижимых экранов, тупиков, разрывов возврата и нарушений прав | E9: Не начат
